id,name,email,cpf,phone,created_at
1,Carla Martins,hqxjeb.ruzw@gmail.com,647.525.534-19,(67) 992871230,2025-04-09 18:10:40
2,Ximena Alves,ejzqor.vufa@outlook.com,641.395.376-72,(51) 992342608,2024-01-19 02:56:23
3,Ximena Martins,otlpjz.dmtw@gmail.com,269.166.978-48,(98) 990192619,2025-11-22 18:48:13
4,Ximena Souza,rngqcl.lywg@yahoo.com,281.489.325-28,(96) 998897858,2023-01-01 21:19:18
5,Thiago Nascimento,mcjzug.goct@gmail.com,822.782.489-63,(85) 993374754,2024-04-29 05:37:32
6,Mariana Melo,lndfip.ffbq@gmail.com,105.183.473-82,(92) 999580513,2025-06-14 02:43:38
7,Paulo Alves,uuecll.msrz@gmail.com,065.133.387-26,(31) 994673212,2024-12-19 16:01:28
8,Henrique Oliveira,lwobzv.zywe@outlook.com,736.026.064-74,(71) 999324245,2025-10-25 04:21:03
9,Wendy Freitas,ehzpot.bpnw@gmail.com,081.219.136-19,(41) 999712650,2025-07-12 13:16:50
10,Bruno Castro,croigr.igdq@outlook.com,510.799.118-38,(51) 992222252,2024-06-26 03:59:32
11,Fernando Oliveira,wjevsp.zrav@outlook.com,124.118.244-93,(92) 995752576,2023-11-13 06:39:28
12,Victor Pereira,ngxbqv.bidz@gmail.com,786.801.128-05,(62) 999269832,2023-08-19 01:20:11
